﻿<?xml version="1.0" encoding="utf-8"?>
<!--DO NOT EDIT. This document is generated by PSoC Creator design builds.-->
<PSoCCreatorIdeExport Version="1">
  <Device Part="CY8C4247AZI-L423" Processor="CortexM0" DeviceID="100511A0" />
  <Toolchains>
    <Toolchain Name="ARM GCC Generic" Selected="True">
      <Tool Name="prebuild" Command="" Options="" />
      <Tool Name="assembler" Command="arm-none-eabi-as.exe" Options="-mcpu=cortex-m0 -mthumb -I. -IGenerated_Source\PSoC4 -alh=${OutputDir}/${CompileFile}.lst -g -W" />
      <Tool Name="compiler" Command="arm-none-eabi-gcc.exe" Options="-mcpu=cortex-m0 -mthumb -I. -IGenerated_Source\PSoC4 -Wa,-alh=${OutputDir}/${CompileFile}.lst -g -D DEBUG -D CY_CORE_ID=0 -Wall -ffunction-sections -ffat-lto-objects -Og" />
      <Tool Name="linker" Command="arm-none-eabi-gcc.exe" Options="-mcpu=cortex-m0 -mthumb -L Generated_Source\PSoC4 -Wl,-Map,${OutputDir}/${ProjectShortName}.map -T Generated_Source\PSoC4\cm0gcc.ld -specs=nano.specs -Wl,--gc-sections -g -ffunction-sections -Og -ffat-lto-objects" />
      <Tool Name="postbuild" Command="" Options="" />
    </Toolchain>
    <Toolchain Name="ARM MDK Generic" Selected="False">
      <Tool Name="prebuild" Command="" Options="" />
      <Tool Name="assembler" Command="armasm.exe" Options="--cpu=Cortex-M0 --diag_style=gnu --thumb -i. -iGenerated_Source\PSoC4 -g --list=${OutputDir}/${CompileFile}.lst &quot;--predefine=__MICROLIB SETA 1&quot;" />
      <Tool Name="compiler" Command="armcc.exe" Options="--cpu=Cortex-M0 --C99 --diag_style=gnu -I. -IGenerated_Source\PSoC4 --list --signed_chars -g -D DEBUG -D CY_CORE_ID=0 -O0 --split_sections -D__MICROLIB" />
      <Tool Name="linker" Command="armlink.exe" Options="--cpu=Cortex-M0 --diag_style=gnu --no_startup --library_type=microlib --map --list ${OutputDir}/${ProjectShortName}.map --scatter Generated_Source\PSoC4\Cm0RealView.scat" />
      <Tool Name="postbuild" Command="" Options="" />
    </Toolchain>
    <Toolchain Name="ARM IAR Generic" Selected="False">
      <Tool Name="prebuild" Command="" Options="" />
      <Tool Name="assembler" Command="iasmarm.exe" Options="--cpu Cortex-M0 -I. -IGenerated_Source\PSoC4 -s+ -M&lt;&gt; -w+ -r -DDEBUG --fpu None" />
      <Tool Name="compiler" Command="iccarm.exe" Options="--cpu Cortex-M0 -I. -IGenerated_Source\PSoC4 -D DEBUG -D CY_CORE_ID=0 -I. -IGenerated_Source\PSoC4 -D DEBUG -D CY_CORE_ID=0 --no_cse --no_unroll --no_inline --no_code_motion --no_tbaa --no_clustering --no_scheduling --debug --endian=little -e --fpu=None -On --no_wrap_diagnostics" />
      <Tool Name="linker" Command="ilinkarm.exe" Options="--semihosting --entry __iar_program_start --config Generated_Source\PSoC4\Cm0Iar.icf" />
      <Tool Name="postbuild" Command="" Options="" />
    </Toolchain>
  </Toolchains>
  <Project Name="Pool_Ctrl R1" Path="D:\Pool_Ctrl\Pool_Ctrl R1.cydsn" Version="5.60" Type="Normal">
    <CMSIS_SVD_File>Pool_Ctrl R1.svd</CMSIS_SVD_File>
    <Datasheet />
    <LinkerFiles>
      <LinkerFile Toolchain="ARM GCC Generic">.\Generated_Source\PSoC4\cm0gcc.ld</LinkerFile>
      <LinkerFile Toolchain="ARM MDK Generic">.\Generated_Source\PSoC4\Cm0RealView.scat</LinkerFile>
      <LinkerFile Toolchain="ARM IAR Generic">.\Generated_Source\PSoC4\Cm0Iar.icf</LinkerFile>
    </LinkerFiles>
    <Folders>
      <Folder BuildType="STRICT" Path="D:\Pool_Ctrl\Pool_Ctrl R1.cydsn">
        <Files Root="D:\Pool_Ctrl\Pool_Ctrl R1.cydsn">
          <File BuildType="BUILD" Toolchain="">main.c</File>
          <File BuildType="BUILD" Toolchain="">cyapicallbacks.h</File>
        </Files>
      </Folder>
      <Folder BuildType="STRICT" Path="D:\Pool_Ctrl\Pool_Ctrl R1.cydsn\Generated_Source\PSoC4">
        <Files Root="D:\Pool_Ctrl\Pool_Ctrl R1.cydsn">
          <File BuildType="BUILD" Toolchain="">Generated_Source\PSoC4\cyfitter_cfg.h</File>
          <File BuildType="BUILD" Toolchain="">Generated_Source\PSoC4\cyfitter_cfg.c</File>
          <File BuildType="BUILD" Toolchain="">Generated_Source\PSoC4\cymetadata.c</File>
          <File BuildType="BUILD" Toolchain="">Generated_Source\PSoC4\cydevice_trm.h</File>
          <File BuildType="BUILD" Toolchain="">Generated_Source\PSoC4\cydevicegnu_trm.inc</File>
          <File BuildType="BUILD" Toolchain="">Generated_Source\PSoC4\cydevicerv_trm.inc</File>
          <File BuildType="BUILD" Toolchain="">Generated_Source\PSoC4\cydeviceiar_trm.inc</File>
          <File BuildType="BUILD" Toolchain="">Generated_Source\PSoC4\cyfittergnu.inc</File>
          <File BuildType="BUILD" Toolchain="">Generated_Source\PSoC4\cyfitterrv.inc</File>
          <File BuildType="BUILD" Toolchain="">Generated_Source\PSoC4\cyfitteriar.inc</File>
          <File BuildType="BUILD" Toolchain="">Generated_Source\PSoC4\cyfitter.h</File>
          <File BuildType="BUILD" Toolchain="">Generated_Source\PSoC4\cydisabledsheets.h</File>
          <File BuildType="BUILD" Toolchain="">Generated_Source\PSoC4\Sw_Clk.c</File>
          <File BuildType="BUILD" Toolchain="">Generated_Source\PSoC4\Sw_Clk.h</File>
          <File BuildType="BUILD" Toolchain="">Generated_Source\PSoC4\Sw_Enter.c</File>
          <File BuildType="BUILD" Toolchain="">Generated_Source\PSoC4\Sw_Enter.h</File>
          <File BuildType="BUILD" Toolchain="">Generated_Source\PSoC4\Sw_Enter_aliases.h</File>
          <File BuildType="BUILD" Toolchain="">Generated_Source\PSoC4\Sw_Enter_PM.c</File>
          <File BuildType="BUILD" Toolchain="">Generated_Source\PSoC4\Sw_Up.c</File>
          <File BuildType="BUILD" Toolchain="">Generated_Source\PSoC4\Sw_Up.h</File>
          <File BuildType="BUILD" Toolchain="">Generated_Source\PSoC4\Sw_Up_aliases.h</File>
          <File BuildType="BUILD" Toolchain="">Generated_Source\PSoC4\Sw_Up_PM.c</File>
          <File BuildType="BUILD" Toolchain="">Generated_Source\PSoC4\Sw_Right.c</File>
          <File BuildType="BUILD" Toolchain="">Generated_Source\PSoC4\Sw_Right.h</File>
          <File BuildType="BUILD" Toolchain="">Generated_Source\PSoC4\Sw_Right_aliases.h</File>
          <File BuildType="BUILD" Toolchain="">Generated_Source\PSoC4\Sw_Right_PM.c</File>
          <File BuildType="BUILD" Toolchain="">Generated_Source\PSoC4\Sw_Left.c</File>
          <File BuildType="BUILD" Toolchain="">Generated_Source\PSoC4\Sw_Left.h</File>
          <File BuildType="BUILD" Toolchain="">Generated_Source\PSoC4\Sw_Left_aliases.h</File>
          <File BuildType="BUILD" Toolchain="">Generated_Source\PSoC4\Sw_Left_PM.c</File>
          <File BuildType="BUILD" Toolchain="">Generated_Source\PSoC4\Sw_Down.c</File>
          <File BuildType="BUILD" Toolchain="">Generated_Source\PSoC4\Sw_Down.h</File>
          <File BuildType="BUILD" Toolchain="">Generated_Source\PSoC4\Sw_Down_aliases.h</File>
          <File BuildType="BUILD" Toolchain="">Generated_Source\PSoC4\Sw_Down_PM.c</File>
          <File BuildType="BUILD" Toolchain="ARM GCC Generic">Generated_Source\PSoC4\cm0gcc.ld</File>
          <File BuildType="BUILD" Toolchain="ARM MDK Generic">Generated_Source\PSoC4\Cm0RealView.scat</File>
          <File BuildType="BUILD" Toolchain="">Generated_Source\PSoC4\Cm0Start.c</File>
          <File BuildType="BUILD" Toolchain="">Generated_Source\PSoC4\core_cm0.h</File>
          <File BuildType="BUILD" Toolchain="">Generated_Source\PSoC4\core_cm0_psoc4.h</File>
          <File BuildType="BUILD" Toolchain="ARM MDK Generic">Generated_Source\PSoC4\CyBootAsmRv.s</File>
          <File BuildType="BUILD" Toolchain="">Generated_Source\PSoC4\CyFlash.c</File>
          <File BuildType="BUILD" Toolchain="">Generated_Source\PSoC4\CyFlash.h</File>
          <File BuildType="BUILD" Toolchain="">Generated_Source\PSoC4\CyLib.c</File>
          <File BuildType="BUILD" Toolchain="">Generated_Source\PSoC4\CyLib.h</File>
          <File BuildType="BUILD" Toolchain="">Generated_Source\PSoC4\cyPm.c</File>
          <File BuildType="BUILD" Toolchain="">Generated_Source\PSoC4\cyPm.h</File>
          <File BuildType="BUILD" Toolchain="">Generated_Source\PSoC4\cytypes.h</File>
          <File BuildType="BUILD" Toolchain="">Generated_Source\PSoC4\cyutils.c</File>
          <File BuildType="BUILD" Toolchain="">Generated_Source\PSoC4\cypins.h</File>
          <File BuildType="BUILD" Toolchain="">Generated_Source\PSoC4\core_cmFunc.h</File>
          <File BuildType="BUILD" Toolchain="">Generated_Source\PSoC4\core_cmInstr.h</File>
          <File BuildType="BUILD" Toolchain="ARM IAR Generic">Generated_Source\PSoC4\Cm0Iar.icf</File>
          <File BuildType="BUILD" Toolchain="ARM IAR Generic">Generated_Source\PSoC4\CyBootAsmIar.s</File>
          <File BuildType="BUILD" Toolchain="">Generated_Source\PSoC4\cmsis_armcc.h</File>
          <File BuildType="BUILD" Toolchain="">Generated_Source\PSoC4\cmsis_gcc.h</File>
          <File BuildType="BUILD" Toolchain="">Generated_Source\PSoC4\cmsis_compiler.h</File>
          <File BuildType="BUILD" Toolchain="ARM GCC Generic">Generated_Source\PSoC4\CyBootAsmGnu.s</File>
          <File BuildType="BUILD" Toolchain="">Generated_Source\PSoC4\CyDMA.h</File>
          <File BuildType="BUILD" Toolchain="">Generated_Source\PSoC4\CyDMA.c</File>
          <File BuildType="BUILD" Toolchain="">Generated_Source\PSoC4\CyLFClk.c</File>
          <File BuildType="BUILD" Toolchain="">Generated_Source\PSoC4\CyLFClk.h</File>
          <File BuildType="BUILD" Toolchain="">Generated_Source\PSoC4\project.h</File>
          <File BuildType="BUILD" Toolchain="">Generated_Source\PSoC4\cycodeshareimport.ld</File>
          <File BuildType="BUILD" Toolchain="">Generated_Source\PSoC4\cycodeshareexport.ld</File>
          <File BuildType="BUILD" Toolchain="">Generated_Source\PSoC4\cycodeshareimport.scat</File>
          <File BuildType="BUILD" Toolchain="">Generated_Source\PSoC4\LCD.c</File>
          <File BuildType="BUILD" Toolchain="">Generated_Source\PSoC4\LCD.h</File>
          <File BuildType="BUILD" Toolchain="">Generated_Source\PSoC4\LCD_PM.c</File>
          <File BuildType="BUILD" Toolchain="">Generated_Source\PSoC4\LCD_CustChars.c</File>
          <File BuildType="BUILD" Toolchain="">Generated_Source\PSoC4\LCD_LCDPort.c</File>
          <File BuildType="BUILD" Toolchain="">Generated_Source\PSoC4\LCD_LCDPort.h</File>
          <File BuildType="BUILD" Toolchain="">Generated_Source\PSoC4\LCD_LCDPort_aliases.h</File>
          <File BuildType="BUILD" Toolchain="">Generated_Source\PSoC4\LCD_LCDPort_PM.c</File>
          <File BuildType="BUILD" Toolchain="">Generated_Source\PSoC4\Sw_Enter_Int.c</File>
          <File BuildType="BUILD" Toolchain="">Generated_Source\PSoC4\Sw_Enter_Int.h</File>
          <File BuildType="BUILD" Toolchain="">Generated_Source\PSoC4\Sw_Up_Int.c</File>
          <File BuildType="BUILD" Toolchain="">Generated_Source\PSoC4\Sw_Up_Int.h</File>
          <File BuildType="BUILD" Toolchain="">Generated_Source\PSoC4\Sw_Down_Int.c</File>
          <File BuildType="BUILD" Toolchain="">Generated_Source\PSoC4\Sw_Down_Int.h</File>
          <File BuildType="BUILD" Toolchain="">Generated_Source\PSoC4\Sw_Left_Int.c</File>
          <File BuildType="BUILD" Toolchain="">Generated_Source\PSoC4\Sw_Left_Int.h</File>
          <File BuildType="BUILD" Toolchain="">Generated_Source\PSoC4\Sw_Right_Int.c</File>
          <File BuildType="BUILD" Toolchain="">Generated_Source\PSoC4\Sw_Right_Int.h</File>
          <File BuildType="BUILD" Toolchain="">Generated_Source\PSoC4\Drv_1.c</File>
          <File BuildType="BUILD" Toolchain="">Generated_Source\PSoC4\Drv_1.h</File>
          <File BuildType="BUILD" Toolchain="">Generated_Source\PSoC4\Drv_1_aliases.h</File>
          <File BuildType="BUILD" Toolchain="">Generated_Source\PSoC4\Drv_1_PM.c</File>
          <File BuildType="BUILD" Toolchain="">Generated_Source\PSoC4\Drv_2.c</File>
          <File BuildType="BUILD" Toolchain="">Generated_Source\PSoC4\Drv_2.h</File>
          <File BuildType="BUILD" Toolchain="">Generated_Source\PSoC4\Drv_2_aliases.h</File>
          <File BuildType="BUILD" Toolchain="">Generated_Source\PSoC4\Drv_2_PM.c</File>
          <File BuildType="BUILD" Toolchain="">Generated_Source\PSoC4\Drv_3.c</File>
          <File BuildType="BUILD" Toolchain="">Generated_Source\PSoC4\Drv_3.h</File>
          <File BuildType="BUILD" Toolchain="">Generated_Source\PSoC4\Drv_3_aliases.h</File>
          <File BuildType="BUILD" Toolchain="">Generated_Source\PSoC4\Drv_3_PM.c</File>
          <File BuildType="BUILD" Toolchain="">Generated_Source\PSoC4\Drv_4.c</File>
          <File BuildType="BUILD" Toolchain="">Generated_Source\PSoC4\Drv_4.h</File>
          <File BuildType="BUILD" Toolchain="">Generated_Source\PSoC4\Drv_4_aliases.h</File>
          <File BuildType="BUILD" Toolchain="">Generated_Source\PSoC4\Drv_4_PM.c</File>
          <File BuildType="BUILD" Toolchain="">Generated_Source\PSoC4\ADC.c</File>
          <File BuildType="BUILD" Toolchain="">Generated_Source\PSoC4\ADC.h</File>
          <File BuildType="BUILD" Toolchain="">Generated_Source\PSoC4\ADC_PM.c</File>
          <File BuildType="BUILD" Toolchain="">Generated_Source\PSoC4\ADC_INT.c</File>
          <File BuildType="BUILD" Toolchain="">Generated_Source\PSoC4\I_CH1.c</File>
          <File BuildType="BUILD" Toolchain="">Generated_Source\PSoC4\I_CH1.h</File>
          <File BuildType="BUILD" Toolchain="">Generated_Source\PSoC4\I_CH1_aliases.h</File>
          <File BuildType="BUILD" Toolchain="">Generated_Source\PSoC4\I_CH1_PM.c</File>
          <File BuildType="BUILD" Toolchain="">Generated_Source\PSoC4\I_CH2.c</File>
          <File BuildType="BUILD" Toolchain="">Generated_Source\PSoC4\I_CH2.h</File>
          <File BuildType="BUILD" Toolchain="">Generated_Source\PSoC4\I_CH2_aliases.h</File>
          <File BuildType="BUILD" Toolchain="">Generated_Source\PSoC4\I_CH2_PM.c</File>
          <File BuildType="BUILD" Toolchain="">Generated_Source\PSoC4\I_CH3.c</File>
          <File BuildType="BUILD" Toolchain="">Generated_Source\PSoC4\I_CH3.h</File>
          <File BuildType="BUILD" Toolchain="">Generated_Source\PSoC4\I_CH3_aliases.h</File>
          <File BuildType="BUILD" Toolchain="">Generated_Source\PSoC4\I_CH3_PM.c</File>
          <File BuildType="BUILD" Toolchain="">Generated_Source\PSoC4\I_CH4.c</File>
          <File BuildType="BUILD" Toolchain="">Generated_Source\PSoC4\I_CH4.h</File>
          <File BuildType="BUILD" Toolchain="">Generated_Source\PSoC4\I_CH4_aliases.h</File>
          <File BuildType="BUILD" Toolchain="">Generated_Source\PSoC4\I_CH4_PM.c</File>
          <File BuildType="BUILD" Toolchain="">Generated_Source\PSoC4\TEMP1.c</File>
          <File BuildType="BUILD" Toolchain="">Generated_Source\PSoC4\TEMP1.h</File>
          <File BuildType="BUILD" Toolchain="">Generated_Source\PSoC4\TEMP1_aliases.h</File>
          <File BuildType="BUILD" Toolchain="">Generated_Source\PSoC4\TEMP1_PM.c</File>
          <File BuildType="BUILD" Toolchain="">Generated_Source\PSoC4\TEMP2.c</File>
          <File BuildType="BUILD" Toolchain="">Generated_Source\PSoC4\TEMP2.h</File>
          <File BuildType="BUILD" Toolchain="">Generated_Source\PSoC4\TEMP2_aliases.h</File>
          <File BuildType="BUILD" Toolchain="">Generated_Source\PSoC4\TEMP2_PM.c</File>
          <File BuildType="BUILD" Toolchain="">Generated_Source\PSoC4\LCD_ONOFF.c</File>
          <File BuildType="BUILD" Toolchain="">Generated_Source\PSoC4\LCD_ONOFF.h</File>
          <File BuildType="BUILD" Toolchain="">Generated_Source\PSoC4\LCD_ONOFF_aliases.h</File>
          <File BuildType="BUILD" Toolchain="">Generated_Source\PSoC4\LCD_ONOFF_PM.c</File>
          <File BuildType="BUILD" Toolchain="">Generated_Source\PSoC4\ADC_IRQ.c</File>
          <File BuildType="BUILD" Toolchain="">Generated_Source\PSoC4\ADC_IRQ.h</File>
          <File BuildType="BUILD" Toolchain="">Generated_Source\PSoC4\ADC_intClock.c</File>
          <File BuildType="BUILD" Toolchain="">Generated_Source\PSoC4\ADC_intClock.h</File>
          <File BuildType="BUILD" Toolchain="">Generated_Source\PSoC4\timer_clock.c</File>
          <File BuildType="BUILD" Toolchain="">Generated_Source\PSoC4\timer_clock.h</File>
          <File BuildType="BUILD" Toolchain="">Generated_Source\PSoC4\timer_clock_1.c</File>
          <File BuildType="BUILD" Toolchain="">Generated_Source\PSoC4\timer_clock_1.h</File>
          <File BuildType="BUILD" Toolchain="">Generated_Source\PSoC4\Ch1_Off_Timer_Int.c</File>
          <File BuildType="BUILD" Toolchain="">Generated_Source\PSoC4\Ch1_Off_Timer_Int.h</File>
          <File BuildType="BUILD" Toolchain="">Generated_Source\PSoC4\Ch1_Off_Timer.c</File>
          <File BuildType="BUILD" Toolchain="">Generated_Source\PSoC4\Ch1_Off_Timer.h</File>
          <File BuildType="BUILD" Toolchain="">Generated_Source\PSoC4\Ch1_Off_Timer_PM.c</File>
          <File BuildType="BUILD" Toolchain="">Generated_Source\PSoC4\Ch2_Off_Timer_Int.c</File>
          <File BuildType="BUILD" Toolchain="">Generated_Source\PSoC4\Ch2_Off_Timer_Int.h</File>
          <File BuildType="BUILD" Toolchain="">Generated_Source\PSoC4\Ch2_Off_Timer.c</File>
          <File BuildType="BUILD" Toolchain="">Generated_Source\PSoC4\Ch2_Off_Timer.h</File>
          <File BuildType="BUILD" Toolchain="">Generated_Source\PSoC4\Ch2_Off_Timer_PM.c</File>
        </Files>
      </Folder>
      <Folder BuildType="STRICT" Path="D:\Pool_Ctrl\Pool_Ctrl R1.cydsn\Export\ARM_GCC_Generic">
        <Files Root="D:\Pool_Ctrl\Pool_Ctrl R1.cydsn">
          <File BuildType="BUILD" Toolchain="ARM GCC Generic">.\Export\ARM_GCC_Generic\CyComponentLibrary.a</File>
        </Files>
      </Folder>
      <Folder BuildType="STRICT" Path="D:\Pool_Ctrl\Pool_Ctrl R1.cydsn\Export\ARM_MDK_Generic">
        <Files Root="D:\Pool_Ctrl\Pool_Ctrl R1.cydsn">
          <File BuildType="BUILD" Toolchain="ARM MDK Generic">.\Export\ARM_MDK_Generic\CyComponentLibrary.a</File>
        </Files>
      </Folder>
      <Folder BuildType="STRICT" Path="D:\Pool_Ctrl\Pool_Ctrl R1.cydsn\Export\ARM_IAR_Generic">
        <Files Root="D:\Pool_Ctrl\Pool_Ctrl R1.cydsn">
          <File BuildType="BUILD" Toolchain="ARM IAR Generic">.\Export\ARM_IAR_Generic\CyComponentLibrary.a</File>
        </Files>
      </Folder>
      <Folder BuildType="EXCLUDE" Path=".\codegentemp">
        <Files Root="D:\Pool_Ctrl\Pool_Ctrl R1.cydsn" />
      </Folder>
      <Folder BuildType="EXCLUDE" Path=".\ARM_GCC_441">
        <Files Root="D:\Pool_Ctrl\Pool_Ctrl R1.cydsn" />
      </Folder>
      <Folder BuildType="EXCLUDE" Path=".\ARM_GCC_473">
        <Files Root="D:\Pool_Ctrl\Pool_Ctrl R1.cydsn" />
      </Folder>
      <Folder BuildType="EXCLUDE" Path=".\DP8051_Keil_952">
        <Files Root="D:\Pool_Ctrl\Pool_Ctrl R1.cydsn" />
      </Folder>
      <Folder BuildType="EXCLUDE" Path=".\DP8051">
        <Files Root="D:\Pool_Ctrl\Pool_Ctrl R1.cydsn" />
      </Folder>
      <Folder BuildType="EXCLUDE" Path=".\CortexM0">
        <Files Root="D:\Pool_Ctrl\Pool_Ctrl R1.cydsn" />
      </Folder>
      <Folder BuildType="EXCLUDE" Path=".\CortexM0p">
        <Files Root="D:\Pool_Ctrl\Pool_Ctrl R1.cydsn" />
      </Folder>
      <Folder BuildType="EXCLUDE" Path=".\CortexM3">
        <Files Root="D:\Pool_Ctrl\Pool_Ctrl R1.cydsn" />
      </Folder>
      <Folder BuildType="EXCLUDE" Path=".\CortexM4">
        <Files Root="D:\Pool_Ctrl\Pool_Ctrl R1.cydsn" />
      </Folder>
      <Folder BuildType="EXCLUDE" Path=".\CortexM7">
        <Files Root="D:\Pool_Ctrl\Pool_Ctrl R1.cydsn" />
      </Folder>
    </Folders>
  </Project>
</PSoCCreatorIdeExport>